"Inner_Iter",    "rms[Rho]"    ,    "rms[RhoU]"   ,    "rms[RhoE]"   ,     "rms[k]"     ,     "rms[w]"     
           0,      -4.227020979,      -4.440208682,      -3.716830458,      -14.16300921,        -7.2837961
           1,      -4.229530681,      -4.443318187,      -3.719683568,        -14.279045,      -4.370889211
           2,      -4.899297933,      -4.844715141,      -4.395268568,      -14.58974756,      -4.052159618
           3,      -5.005394707,      -5.007719531,      -4.563024417,       -12.7026911,      -4.013794226
           4,      -5.099238029,      -5.140139979,      -4.615564532,      -11.06186515,      -3.919187101
           5,      -5.212116416,      -5.222483796,      -4.648718391,      -10.35685919,      -3.462935355
           6,      -5.282137486,      -5.288372933,      -4.738398763,         -10.02911,      -3.146835233
           7,      -5.312434838,       -5.34447532,      -4.783700671,      -9.856382405,      -2.976865401
           8,      -5.394969975,      -5.455879929,      -4.880981451,      -9.698762747,      -2.819617041
           9,      -5.428179962,      -5.509517874,      -4.918762889,      -9.701141036,      -2.821514813
          10,      -5.486831906,      -5.568320553,      -4.973826562,      -9.657872865,      -2.777703465
          11,      -5.551727834,      -5.646117771,      -5.042264943,      -9.727239935,      -2.844831803
          12,      -5.610245542,      -5.701527173,      -5.105553949,       -9.73799559,      -2.854297485
          13,      -5.561056517,      -5.604297483,      -5.030456357,       -9.77539568,      -2.888483509
          14,      -5.630643175,       -5.69193792,      -5.095997651,      -9.792488566,      -2.903535127
          15,      -5.667228849,      -5.696942098,      -5.112774739,      -9.842871996,      -2.947798839
          16,      -5.788941034,       -5.75047582,      -5.217190306,      -9.859960462,      -2.959335165
          17,      -5.877315148,      -5.792330108,      -5.287479392,      -9.912687271,      -2.992082714
          18,      -5.983270086,      -5.839987612,       -5.38324861,      -9.927826448,      -2.974946029
          19,      -6.104842423,      -5.900372547,      -5.497026372,       -9.97503373,      -2.884863398
          20,      -6.214215482,      -5.948875829,      -5.609137316,      -9.993242489,       -2.78364325
          21,      -6.311678926,      -5.984471851,       -5.70927901,      -10.03785385,      -2.734616116
          22,      -6.362595524,        -6.0053041,      -5.775296017,      -10.05325933,      -2.682053779
          23,      -6.373110459,      -6.014329951,      -5.795815158,      -10.10017935,      -2.606244538
          24,      -6.345603572,      -6.023224982,      -5.791477162,      -10.11752029,      -2.546960958
          25,      -6.301730948,      -6.003301831,       -5.75159956,      -10.15729144,      -2.471273795
          26,      -6.273693773,      -6.008270636,      -5.727713082,      -10.17421349,      -2.403640174
          27,      -6.251534959,      -5.994871032,      -5.697847041,      -10.21031376,      -2.342679741
          28,      -6.191616527,      -5.990313758,      -5.641503886,      -10.22506678,      -2.409665886
          29,      -6.132053594,      -5.951443855,      -5.576069132,      -10.25913634,      -2.544575099
          30,      -6.098055917,      -5.950956379,      -5.543622746,      -10.27264671,      -2.661982247
          31,      -6.078613378,       -5.91410155,      -5.523072166,      -10.30088524,      -2.780691917
          32,      -6.025722314,      -5.882580382,      -5.478339822,      -10.31056287,      -2.727743336
          33,      -5.963079412,      -5.857733295,      -5.410261676,      -10.33177604,      -2.756683303
          34,      -5.954952289,      -5.842254988,      -5.402545182,      -10.33385378,      -2.697304161
          35,      -5.940509848,      -5.826422904,       -5.38997474,      -10.33347914,      -2.699241981
          36,      -5.902584643,      -5.790953719,      -5.360596774,       -10.3071395,      -2.606885239
          37,      -5.820336018,      -5.732354386,      -5.278979402,      -10.24905067,      -2.500257232
          38,      -5.797504116,      -5.703268946,      -5.256300047,       -10.1658636,      -2.393431123
          39,      -5.771697381,      -5.686686675,      -5.228773563,      -10.03039382,      -2.601074575
          40,       -5.74505527,       -5.66922457,      -5.209066492,      -9.904587367,      -2.638271812
          41,      -5.703069984,      -5.642712318,      -5.163608759,       -9.73054746,      -2.731275812
          42,      -5.680836653,      -5.618225005,      -5.148482205,      -9.588418719,      -2.659402973
          43,      -5.680557629,      -5.626316519,      -5.149490759,      -9.397473002,      -2.711229429
          44,      -5.670773044,      -5.620382096,      -5.141661091,      -9.248463333,      -2.661140385
          45,      -5.643373235,      -5.608389485,      -5.110424248,      -9.049347081,      -2.720021315
          46,      -5.626760795,      -5.583322048,      -5.095166783,      -8.894675641,      -2.643185432
          47,      -5.629923396,      -5.589790927,      -5.098450774,      -8.685038084,      -2.705600201
          48,      -5.625223995,       -5.58457219,      -5.097087781,      -8.522434807,      -2.636353516
          49,      -5.616469435,      -5.587931232,       -5.08838721,      -8.305125829,      -2.704172029
          50,       -5.61610348,      -5.570737185,      -5.088796483,      -8.136805517,      -2.613463185
          51,      -5.624400617,      -5.578464104,      -5.091639151,      -7.915647243,      -2.682750198
          52,      -5.633496503,      -5.584172771,      -5.104397017,      -7.752029046,      -2.579991586
          53,      -5.641506869,      -5.589005127,       -5.10593779,      -7.553884512,       -2.60569889
          54,      -5.654492739,       -5.60482556,      -5.122788592,       -7.42662027,      -2.544999368
          55,      -5.680581902,      -5.611222689,       -5.14428813,      -7.279101186,      -2.544005791
          56,      -5.701921121,      -5.642479714,      -5.166353052,      -7.192136531,      -2.503245498
          57,      -5.740604728,      -5.677952363,      -5.203991742,      -7.090150747,       -2.52077521
          58,      -5.770251523,      -5.701938841,      -5.235951728,      -7.037247631,       -2.50718403
          59,      -5.813562518,      -5.728658964,      -5.274279858,      -6.968765433,      -2.568084546
          60,      -5.867098111,      -5.781724044,      -5.328114864,      -6.940235134,       -2.51543119
          61,      -5.924381079,      -5.827024738,      -5.383565098,      -6.888001504,      -2.546600723
          62,      -5.962405916,      -5.855464117,      -5.424948167,      -6.886783487,      -2.454112867
          63,      -6.000873525,      -5.878971216,      -5.463722887,      -6.857725615,      -2.477671212
          64,      -6.048694051,      -5.935464054,       -5.51981018,         -6.857684,      -2.426864274
          65,        -6.0792709,      -5.949022295,      -5.548449259,      -6.822367508,      -2.441766382
          66,      -6.117702598,      -5.974674951,      -5.594169223,      -6.820620182,      -2.391416658
          67,       -6.13576359,       -5.95140255,      -5.607496955,      -6.798405219,      -2.427431009
          68,      -6.177707292,         -5.984065,      -5.651564827,      -6.770150742,      -2.446335615
          69,      -6.176755078,       -5.95735508,       -5.63930361,      -6.748160238,      -2.474017705
          70,      -6.212018514,      -5.982096018,      -5.673668029,      -6.733167081,      -2.483500505
          71,      -6.211288239,      -5.960745865,      -5.663282146,      -6.720921444,       -2.52965253
          72,      -6.247857962,      -5.986274208,      -5.705287054,      -6.716835249,      -2.543786393
          73,      -6.231939871,      -5.955613499,      -5.680539352,       -6.72246131,      -2.575514158
          74,      -6.257312004,      -5.982894993,      -5.708991246,      -6.724223788,      -2.595484285
          75,      -6.232154807,      -5.949968555,       -5.67722857,      -6.734306625,       -2.63242275
          76,      -6.247148029,       -5.97669261,      -5.700763459,      -6.741067398,      -2.638779739
          77,      -6.210805257,      -5.935054806,      -5.654537787,      -6.757367797,      -2.697821807
          78,      -6.231659499,       -5.96605817,      -5.686181166,      -6.766912259,      -2.700147549
          79,      -6.187958112,      -5.918598569,      -5.633276075,      -6.784967413,      -2.736587105
          80,      -6.212188644,      -5.950005154,      -5.664437651,      -6.785302966,      -2.742105015
          81,      -6.164806059,      -5.898802819,      -5.611350875,      -6.800062858,      -2.787281781
          82,      -6.194639942,      -5.926652133,      -5.644642228,      -6.799223988,      -2.785432151
          83,      -6.133696997,      -5.862325399,      -5.571722689,      -6.815782544,      -2.838706446
          84,      -6.150156268,       -5.88311515,      -5.589984978,      -6.802941425,      -2.835544281
          85,      -6.070845134,      -5.816835838,      -5.505910376,       -6.81293332,      -2.870385807
          86,       -6.03033331,      -5.793173509,      -5.463381101,      -6.779194802,      -2.869839981
          87,       -5.94946403,      -5.731992611,      -5.383656597,      -6.777960388,       -2.89593516
          88,      -5.913865743,      -5.706660469,      -5.349021376,      -6.740309249,      -2.873275164
          89,      -5.850938801,      -5.663272035,      -5.286803232,       -6.75121998,      -2.905214083
          90,      -5.824237269,      -5.648472975,      -5.265588989,      -6.716355015,      -2.881551721
          91,      -5.776246941,      -5.610048852,      -5.218148321,       -6.73000322,      -2.905603444
          92,       -5.75411957,      -5.600462898,      -5.197040521,      -6.701838035,      -2.892840621
          93,      -5.721636245,      -5.573436393,      -5.163814467,      -6.731399795,      -2.924289805
          94,      -5.712204571,      -5.580123299,      -5.159723353,        -6.7136907,      -2.914637495
          95,      -5.683959195,      -5.563918777,      -5.130496249,      -6.723478278,      -2.950526074
          96,      -5.682490068,       -5.56679354,      -5.130923993,      -6.698491227,       -2.93170827
          97,      -5.669650297,      -5.553887157,      -5.120083528,      -6.727177357,      -2.951720176
          98,      -5.675602777,       -5.57058042,      -5.130139876,      -6.709582753,      -2.931981301
          99,      -5.675015106,      -5.566336093,      -5.123540461,      -6.746954826,      -2.972949213
         100,      -5.693386771,       -5.58618439,      -5.143115571,      -6.740066584,      -2.960562218
         101,      -5.726058399,      -5.612169629,      -5.169695014,      -6.786670886,      -3.005823864
         102,       -5.76176396,      -5.643977811,      -5.211965987,      -6.776884572,      -2.968796465
         103,       -5.81944889,      -5.670889858,      -5.261455585,      -6.805083771,      -2.990670786
         104,      -5.839758145,      -5.657552204,      -5.271147025,      -6.802551818,      -2.961801204
         105,      -5.831536499,      -5.645560398,      -5.264809497,      -6.789038683,       -2.98931363
         106,      -5.640878983,      -5.454515941,      -5.049711529,      -6.728634213,      -2.919333127
         107,      -5.509089589,      -5.290993305,      -4.919306868,      -6.718189898,      -2.907481564
         108,      -5.433693202,      -5.203863325,      -4.831855211,      -6.587423668,      -2.854649004
         109,      -5.321513561,      -5.124609414,      -4.709495338,      -6.563134765,      -2.752460968
         110,      -5.307259701,      -5.081453693,      -4.692152043,      -6.494183452,      -2.793844791
         111,      -5.349711521,      -5.106287782,      -4.723216633,      -6.442104222,      -2.782818552
         112,       -5.39787622,      -5.173642003,      -4.764587633,      -6.522718809,      -2.870171993
         113,      -5.483921231,      -5.259236318,      -4.841300816,       -6.48426986,      -2.863013423
         114,       -5.63078547,      -5.388682343,      -4.977435876,      -6.564863508,      -2.910018596
         115,      -5.749747462,      -5.489755786,      -5.108652605,      -6.570323606,       -2.93644776
         116,      -5.843398338,      -5.578957638,      -5.210816929,      -6.655936991,      -2.999436418
         117,      -5.921136843,      -5.654979027,      -5.308226396,      -6.659894726,      -3.012538658
         118,       -5.98601933,      -5.724173974,      -5.385153965,      -6.725931515,       -3.05039092
         119,      -6.040544137,       -5.78631038,      -5.456075469,      -6.740537531,      -3.066319047
         120,      -6.092678793,      -5.847646958,      -5.512917916,      -6.794092188,      -3.101476658
         121,      -6.134915073,      -5.896254593,       -5.56156715,      -6.808362334,      -3.116581013
         122,      -6.152540324,      -5.927389121,      -5.576865387,      -6.862022739,      -3.153927699
         123,      -6.191365992,      -5.976078392,      -5.619299341,      -6.885148574,      -3.169320359
         124,      -6.209224242,      -6.009819593,      -5.634180259,      -6.941169892,      -3.200783549
         125,      -6.222874453,      -6.037505432,      -5.651042578,      -6.959969943,      -3.211935483
         126,      -6.237219168,      -6.061187854,      -5.661559259,      -7.000141794,      -3.238306487
         127,      -6.260170374,      -6.092917636,      -5.688151314,      -7.013809257,      -3.247965062
         128,      -6.260133144,      -6.095180078,      -5.682963445,      -7.037345951,      -3.265714777
         129,      -6.277500888,      -6.119834345,      -5.704620852,      -7.049455234,       -3.27598984
         130,      -6.265744218,      -6.105443287,      -5.688000235,      -7.063799774,      -3.289565997
         131,      -6.266614351,      -6.108164471,      -5.692263172,      -7.070219322,      -3.295483358
         132,      -6.246722068,      -6.083636763,      -5.667814149,      -7.044411547,      -3.276853527
         133,      -6.254963747,      -6.095085246,      -5.678975608,      -7.011156275,      -3.253876026
         134,      -6.240534656,      -6.079598344,      -5.660614268,      -6.974706954,      -3.230274805
         135,      -6.256333034,      -6.099197497,      -5.677961263,      -6.957782586,       -3.22583483
         136,      -6.248911877,      -6.086494996,      -5.666723944,      -6.956615872,      -3.227579035
         137,      -6.274785539,      -6.113558555,      -5.696838329,      -6.962073135,      -3.234384992
         138,      -6.275826247,      -6.108456523,      -5.694968073,       -6.98988838,      -3.252036932
         139,      -6.287713718,      -6.128554002,      -5.711020694,      -6.998958785,      -3.256724607
         140,      -6.289739346,      -6.128559969,      -5.709565847,      -7.022111153,      -3.271275132
         141,      -6.307522064,      -6.152805831,      -5.731802424,      -7.030003603,      -3.276754853
         142,      -6.306817938,      -6.146148786,      -5.726828962,      -7.050305874,      -3.293256468
         143,      -6.330771882,      -6.174487871,      -5.754235072,      -7.059867093,       -3.30034799
         144,      -6.330121132,      -6.165598174,      -5.750624388,      -7.077897615,      -3.313412251
         145,       -6.33948852,      -6.178315003,      -5.764730436,      -7.082184014,      -3.316552846
         146,      -6.319296368,      -6.153784765,      -5.741057459,      -7.069699963,      -3.306895749
         147,      -6.327205509,      -6.167745068,      -5.752412277,      -7.032534622,      -3.277669036
         148,      -6.307417456,      -6.143518756,      -5.729285221,      -6.979621588,      -3.239795439
         149,      -6.316858246,      -6.157300624,      -5.741845409,      -6.953146856,      -3.224151624
         150,       -6.30419447,       -6.13729546,      -5.725558103,      -6.942325225,      -3.217461312
         151,      -6.316298743,      -6.153518898,       -5.73917834,      -6.939704345,      -3.217379381
         152,      -6.305914564,       -6.14060325,      -5.724746724,       -6.96359273,      -3.230171423
         153,      -6.329060186,      -6.168809328,      -5.752050051,      -6.972299748,      -3.234397255
         154,      -6.325057542,       -6.16197133,        -5.7452943,      -6.997934934,      -3.251391712
         155,      -6.335614875,      -6.180540711,      -5.759650938,      -7.005965286,       -3.25568733
         156,       -6.31821582,      -6.159800563,       -5.73909657,      -7.023061086,      -3.268545331
         157,      -6.333710863,      -6.176872233,      -5.758082137,      -7.032391462,      -3.275354414
         158,      -6.322644831,        -6.1613182,      -5.743313947,      -7.048679341,      -3.288120479
         159,      -6.336246098,      -6.180703879,      -5.760087698,      -7.051535686,      -3.290540114
         160,      -6.328840373,      -6.166642859,       -5.74948494,       -7.03703699,      -3.281280455
         161,      -6.343780562,      -6.189365325,      -5.769119601,      -7.003389536,      -3.256299325
         162,      -6.326114782,       -6.16989651,      -5.749353425,      -6.958664141,      -3.226972071
         163,      -6.329810613,      -6.179423673,      -5.755788214,      -6.934914042,      -3.211812573
         164,      -6.305046781,      -6.145237666,       -5.72689226,      -6.929844256,      -3.211774066
         165,      -6.296785128,      -6.140855369,      -5.721785594,      -6.936260702,      -3.219725841
         166,      -6.263843747,      -6.103587282,      -5.685529858,      -6.959159279,      -3.234491035
         167,      -6.260320326,      -6.107189354,      -5.681783945,      -6.968487209,      -3.238149507
         168,      -6.245239168,      -6.089853329,      -5.662253412,      -6.988944776,      -3.253323208
         169,       -6.25168822,      -6.103737078,      -5.670130735,       -7.00067092,      -3.261251862
         170,      -6.244984366,      -6.092081319,      -5.659475395,      -7.019749125,      -3.278963559
         171,      -6.254934846,      -6.108387985,      -5.670884571,      -7.034648728,      -3.288605407
         172,      -6.257916318,      -6.104948923,      -5.671512974,      -7.049521604,      -3.305823892
         173,      -6.273993659,      -6.123430908,      -5.692453819,       -7.06037918,      -3.314889906
         174,      -6.263533553,      -6.110644222,      -5.680768062,      -7.027007161,      -3.294627311
         175,      -6.255613739,      -6.107687218,      -5.676855797,      -6.991071853,      -3.268903194
         176,       -6.25071805,      -6.099708635,      -5.670208355,      -6.957226643,      -3.248516381
         177,      -6.255920519,       -6.11175345,      -5.679197703,       -6.94477181,      -3.249257525
         178,      -6.240030744,      -6.090381984,      -5.660283554,      -6.954551818,      -3.264391724
         179,      -6.245901027,      -6.103189872,      -5.667057592,      -6.967924432,      -3.281291409
         180,      -6.222622659,      -6.082997686,       -5.64148277,      -6.999791411,      -3.309050846
         181,      -6.226419061,       -6.09392303,      -5.647919408,      -7.013554721,       -3.32141852
         182,      -6.212877971,      -6.071999996,      -5.630916215,      -7.045492516,      -3.346212764
         183,      -6.211136639,      -6.071204791,      -5.629123013,      -7.057439541,      -3.356232417
         184,      -6.187906409,      -6.041913305,      -5.600772865,       -7.07814195,      -3.370741003
         185,      -6.200055966,       -6.05882567,      -5.614543808,      -7.088021142,      -3.380165528
         186,      -6.209844224,      -6.060949268,      -5.620330533,      -7.099588824,      -3.389048221
         187,      -6.237801622,      -6.093234736,       -5.64887705,      -7.100109011,        -3.3902948
         188,      -6.246902301,      -6.096548583,      -5.655611409,      -7.094550197,       -3.38567551
         189,      -6.276609712,      -6.127561939,      -5.691196723,      -7.059257108,      -3.363038393
         190,      -6.272662449,      -6.118604003,      -5.687719487,      -7.020952396,      -3.335505462
         191,      -6.277546321,      -6.128143007,      -5.697007873,        -6.9971754,      -3.329162266
         192,      -6.275033392,      -6.117746815,      -5.691938062,      -6.995851882,         -3.332143
         193,      -6.288484888,      -6.138685956,      -5.708418665,      -6.997119878,      -3.339599995
         194,      -6.282367175,      -6.131532606,      -5.699426522,       -7.03299698,      -3.369945592
         195,      -6.292863077,      -6.152298815,      -5.710925313,      -7.049306499,      -3.383718061
         196,      -6.288555215,      -6.145670087,      -5.704881982,      -7.086547972,      -3.408959314
         197,      -6.291600649,      -6.153563393,      -5.710844394,      -7.099932055,      -3.419840409
         198,      -6.270768426,      -6.127029979,      -5.686923948,      -7.128556596,      -3.440357404
         199,      -6.264129142,        -6.1207996,      -5.681577923,      -7.135449415,      -3.445113708
         200,      -6.240143986,      -6.088878231,      -5.652798682,      -7.153213883,      -3.455601511
         201,      -6.251776049,      -6.103982266,      -5.665601042,      -7.160896509,      -3.460865793
         202,      -6.252417161,      -6.101795243,      -5.662607794,      -7.180145425,      -3.479990659
         203,      -6.269501056,      -6.125793093,      -5.681007276,      -7.180795429,      -3.482896324
         204,      -6.263348617,      -6.117702299,      -5.673332095,      -7.192822111,      -3.515900474
         205,      -6.273429792,      -6.131445031,      -5.687901443,      -7.178324818,      -3.511127537
         206,      -6.273872344,      -6.121709245,      -5.687030599,       -7.15697787,      -3.526129962
         207,        -6.2782512,      -6.126903698,      -5.694464063,      -7.135715889,      -3.533592391
         208,      -6.271621645,      -6.117078165,      -5.686807744,      -7.145363123,      -3.568053029
         209,      -6.284355256,      -6.138655821,      -5.702099223,      -7.144382443,      -3.578734372
         210,      -6.279708716,      -6.133534511,      -5.695996581,      -7.188865149,      -3.630608893
         211,      -6.297080746,      -6.159485957,      -5.713674841,      -7.207262846,      -3.652147589
         212,      -6.298180587,       -6.15860779,      -5.712577059,       -7.27396434,      -3.668347005
         213,      -6.317448643,      -6.182232712,       -5.73526329,      -7.309479722,       -3.66006502
         214,       -6.31423256,      -6.175124983,      -5.730611114,      -7.402887325,      -3.593563406
         215,      -6.322353033,        -6.1840441,       -5.73985678,      -7.448770015,      -3.533786947
         216,      -6.299259713,       -6.15261863,        -5.7145568,      -7.500206247,      -3.407044503
         217,      -6.298055183,      -6.154233625,      -5.714666139,      -7.478942968,      -3.319136679
         218,       -6.28978873,      -6.144476615,      -5.702387092,      -7.345171416,       -3.18020538
         219,       -6.30796265,      -6.169767091,      -5.720539146,      -7.209902813,      -3.078258005
         220,      -6.303136603,      -6.164446464,      -5.712905187,      -6.980013727,      -2.918861976
         221,      -6.306774677,      -6.179878815,      -5.719380176,      -6.824367245,      -2.804341436
         222,      -6.297737881,      -6.168572026,      -5.707041604,      -7.090553389,      -2.913043995
         223,      -6.307831412,      -6.178653296,      -5.721048383,      -7.151853168,       -2.88017694
         224,      -6.287036226,       -6.15512203,      -5.700279514,      -7.003657055,      -2.760765047
         225,      -6.266971057,      -6.134554206,      -5.683402139,      -6.839911499,      -2.655474086
         226,      -6.261282613,      -6.127535476,      -5.682236162,      -6.958055329,      -2.755764251
         227,      -6.255650606,      -6.122048588,      -5.679778375,      -7.048968066,      -2.929885217
         228,      -6.256690461,      -6.126869615,      -5.682789534,       -7.07394155,      -3.034315272
         229,      -6.261731881,      -6.133591229,      -5.686562355,      -7.079510902,      -3.087506007
         230,      -6.263297755,      -6.135544523,      -5.688187396,      -7.077298827,      -3.099919695
         231,      -6.257200747,      -6.127514558,      -5.682093703,      -7.068982639,      -3.097195384
         232,      -6.239807267,      -6.107772613,      -5.665091019,      -7.055251289,      -3.092345886
         233,      -6.216577973,      -6.077833978,        -5.6398923,      -7.052671319,      -3.094383373
         234,       -6.19214242,       -6.04682889,       -5.61379297,      -7.051765394,      -3.103986665
         235,      -6.185638449,      -6.039121396,      -5.605262734,       -7.05604289,      -3.118785449
         236,      -6.187181255,      -6.043243698,      -5.604541217,      -7.068717696,      -3.140834665
         237,      -6.197665395,       -6.05411376,      -5.612566754,      -7.089010814,      -3.160584572
         238,      -6.202880827,      -6.060709013,      -5.618265091,      -7.107914658,      -3.182298572
         239,      -6.228490998,      -6.079666557,      -5.645820475,      -7.127135688,       -3.20192039
         240,      -6.241087944,      -6.088909212,      -5.660445622,      -7.149679346,      -3.214704575
         241,      -6.264443158,      -6.113592858,       -5.68740942,      -7.171790047,      -3.200403261
         242,      -6.276490417,      -6.124353912,      -5.702366081,       -7.18353307,      -3.150713296
         243,      -6.293725223,      -6.137252933,      -5.719691323,      -7.173157058,      -3.060122157
         244,      -6.321616943,      -6.156856885,      -5.744038839,      -7.111744256,      -2.927986944
         245,      -6.358138962,      -6.180227188,       -5.77680578,      -6.963573494,      -2.755916782
         246,      -6.403928431,      -6.210576533,      -5.824377889,      -6.913825525,      -2.696207218
         247,      -6.446449603,      -6.234979797,      -5.869369695,       -7.02355797,       -2.78245764
         248,      -6.487625569,        -6.2625383,      -5.913215285,      -7.167410521,      -2.926440961
         249,      -6.522263176,      -6.289203442,      -5.950818085,      -7.251184725,      -2.989759536
         250,      -6.493341418,       -6.25793352,      -5.919811816,      -7.318780907,      -2.900934689
         251,      -6.512252518,      -6.291250733,      -5.949374009,      -7.305912516,      -2.724753268
         252,      -6.470962529,      -6.254789887,      -5.903799355,      -7.215492708,      -2.614910809
         253,      -6.481663527,      -6.276579007,      -5.916049739,      -7.229102955,      -2.760068125
         254,      -6.485782749,      -6.284842861,      -5.920493429,      -7.215394358,      -2.835561753
         255,      -6.496159489,      -6.292540216,       -5.92999801,      -7.201525073,      -2.964834893
         256,      -6.526835558,      -6.315890678,      -5.957964854,      -7.208804858,       -3.09435795
         257,      -6.579820147,      -6.343860077,      -5.999072975,      -7.196521162,      -3.220593453
         258,      -6.646841894,      -6.403229148,      -6.068931533,      -7.214464425,      -3.236178994
         259,      -6.685650105,      -6.432543536,      -6.107474899,      -7.209478416,      -3.275494734
         260,      -6.732882955,      -6.481172544,      -6.161892754,      -7.218837675,      -3.245630305
         261,      -6.746898701,      -6.494263793,      -6.176189895,      -7.251073224,      -3.216943321
         262,      -6.778422049,      -6.526323739,      -6.216876522,      -7.273809845,      -3.157645381
         263,      -6.745600602,      -6.496717558,      -6.179588923,      -7.327802555,      -3.057877193
         264,      -6.751865662,      -6.517974775,      -6.192714569,      -7.327619837,       -2.93021225
         265,       -6.69192911,      -6.474730773,      -6.127687252,      -7.232748596,      -2.688208262
         266,      -6.662878439,      -6.469881474,      -6.099202331,      -7.097680261,      -2.610474659
         267,      -6.605538575,      -6.423187137,      -6.034384574,      -7.191186207,      -2.688630412
         268,      -6.584870937,      -6.420046875,        -6.0149765,      -7.209381706,      -2.928067798
         269,      -6.546846231,      -6.383394776,      -5.969402272,      -7.236811663,      -3.140193622
         270,      -6.551387757,      -6.388116725,      -5.976643958,      -7.237472615,      -3.174416733
         271,      -6.540534935,      -6.374504146,      -5.962235642,      -7.236386121,      -3.213111711
         272,      -6.558170728,      -6.390646113,      -5.983606723,      -7.232127494,      -3.154014224
         273,       -6.56851885,      -6.380867462,      -5.987642607,      -7.236039463,      -3.124758656
         274,      -6.606789674,      -6.405854986,      -6.031755902,      -7.230515308,      -3.074000063
         275,       -6.62119833,      -6.395215208,       -6.04442444,      -7.229176576,      -3.000266847
         276,      -6.657998537,      -6.418508929,      -6.088749591,      -7.184769738,      -3.009964717
         277,      -6.654262622,      -6.388841612,      -6.086785098,      -7.171340753,      -2.996957544
         278,      -6.664292052,      -6.402311709,      -6.104900184,      -7.148051688,      -3.002244388
         279,      -6.629484024,      -6.357086863,      -6.069574134,      -7.154723666,      -3.025088615
         280,      -6.622160792,      -6.366817274,      -6.068120214,      -7.157059647,      -3.024425536
         281,      -6.574087235,      -6.317189412,      -6.021414446,      -7.174612105,      -3.042320381
         282,       -6.55036657,       -6.31206459,      -6.002000761,      -7.167598355,      -3.058508947
         283,      -6.481103854,      -6.247747026,      -5.931106482,      -7.179572292,      -3.088645322
         284,      -6.450616115,      -6.234306102,      -5.907587221,      -7.180017074,      -3.097014545
         285,      -6.352777606,      -6.136679315,      -5.803756921,      -7.184169487,      -3.140196325
         286,      -6.324021745,      -6.125651865,      -5.782037666,      -7.193846271,      -3.145601307
         287,      -6.281338104,      -6.086743456,      -5.736832449,      -7.199043492,      -3.151209867
         288,      -6.253464831,      -6.060110993,      -5.702881219,      -7.200098075,      -3.163570903
         289,      -6.237463963,      -6.046424427,      -5.681915911,      -7.202342979,      -3.178038065
         290,      -6.224862693,      -6.036997883,      -5.667655147,      -7.206715187,      -3.194014546
         291,      -6.214160682,      -6.028146139,      -5.657235258,      -7.214127987,      -3.208207279
         292,      -6.206658907,      -6.021645257,      -5.650880234,      -7.217692523,       -3.22630637
         293,      -6.203785721,      -6.018506374,      -5.648262113,      -7.222462107,      -3.235039466
         294,      -6.193825855,      -6.006769964,      -5.638160908,      -7.224404612,      -3.242160059
         295,      -6.189033098,      -6.002126811,      -5.632658909,      -7.222743403,      -3.249473211
         296,      -6.190064061,      -6.003017507,      -5.632191928,      -7.214558852,      -3.262079298
         297,      -6.192949143,      -6.004378083,      -5.633635183,       -7.21096769,       -3.26984912
         298,      -6.185221904,      -5.994284857,      -5.625884977,      -7.206520437,      -3.276828186
         299,      -6.180145758,      -5.990544202,      -5.620658255,      -7.201480522,      -3.285047722
         300,      -6.183925591,      -5.994827281,      -5.623138244,      -7.195531631,      -3.297770304
         301,      -6.192598204,      -6.003258255,      -5.630537046,      -7.194600487,      -3.309948076
         302,      -6.190825232,      -5.999059623,      -5.628357451,      -7.196366514,      -3.321069482
         303,      -6.190281511,      -5.999906906,      -5.627776245,       -7.19739041,      -3.333853403
         304,       -6.19199037,      -6.005720605,      -5.628865988,      -7.198291021,       -3.35202665
         305,      -6.209105134,      -6.022399066,       -5.64648336,      -7.203956743,      -3.370851671
         306,       -6.22095894,      -6.029597769,      -5.658298491,      -7.211444438,       -3.39283585
         307,      -6.236297737,      -6.040944178,      -5.672294672,      -7.220285215,      -3.418210246
         308,      -6.249942963,      -6.054087085,      -5.683881734,      -7.230409012,      -3.448940411
         309,      -6.264246477,      -6.070418215,      -5.698348388,      -7.245354285,      -3.480577362
         310,      -6.269549881,      -6.076007995,      -5.704489792,      -7.254303194,      -3.510095062
         311,      -6.279981275,      -6.087816079,      -5.714417545,         -7.259676,      -3.537913984
         312,      -6.297454609,       -6.10738842,      -5.730556044,      -7.266084496,      -3.568731913
         313,      -6.319441327,       -6.13178899,      -5.752675485,      -7.277785696,      -3.599408418
         314,      -6.342983362,      -6.151963742,      -5.777899825,      -7.292643482,      -3.631626463
         315,      -6.366163553,      -6.172279559,      -5.801471667,       -7.31119119,      -3.663280232
         316,      -6.387171282,      -6.192585003,      -5.821389423,      -7.332702288,      -3.688979669
         317,      -6.408802956,      -6.215908939,       -5.84285179,      -7.360105313,      -3.695787787
         318,      -6.417012791,      -6.221292112,      -5.844763641,      -7.417512683,      -3.654476021
         319,      -6.440969963,      -6.246729079,      -5.870693843,      -7.445651103,      -3.595557191
         320,       -6.45610307,      -6.258684798,      -5.881030546,      -7.454027766,      -3.470533361
         321,      -6.493075384,      -6.298164613,      -5.921199378,      -7.420792658,      -3.383274457
         322,      -6.519604023,      -6.315692653,      -5.945343981,      -7.311901256,      -3.257251089
         323,      -6.561913181,      -6.352840388,      -5.990043966,      -7.235474835,      -3.185788892
         324,      -6.592530925,      -6.374824133,      -6.016727847,      -7.095370167,      -3.079369295
         325,      -6.636773738,      -6.415102199,      -6.064524523,      -6.997354114,      -2.998491018
         326,      -6.655280453,      -6.422649394,      -6.079267246,      -7.105117403,      -3.007513718
         327,      -6.686253226,      -6.450031754,      -6.113825922,      -7.216560717,      -2.991413588
         328,      -6.691765256,      -6.451243858,      -6.116028555,      -7.136800025,      -2.894043251
         329,      -6.710540905,       -6.47351028,      -6.138860112,      -6.949444833,      -2.760738663
         330,      -6.691391293,      -6.448915285,      -6.111873515,      -6.894854404,      -2.738298396
         331,      -6.687824002,      -6.456350114,      -6.109958762,      -7.038241152,      -2.895187247
         332,      -6.658978289,      -6.422186134,       -6.08025006,       -7.11117905,      -3.058792808
         333,       -6.64537787,      -6.425548821,       -6.07277814,      -7.133026183,      -3.141003273
         334,      -6.595025427,      -6.392095896,      -6.021430662,      -7.146684373,      -3.220247769
         335,      -6.577682269,      -6.394101858,      -6.007496414,      -7.170667722,      -3.222842412
         336,      -6.528013302,      -6.356195105,      -5.956432179,      -7.188858062,      -3.267911703
         337,      -6.505306168,      -6.350166224,      -5.936544934,      -7.201680464,      -3.261937265
         338,      -6.461563775,      -6.308318474,      -5.887480092,       -7.24058702,      -3.303379828
         339,      -6.437732619,      -6.291633697,      -5.865097416,      -7.254622743,      -3.289546109
         340,       -6.39579475,      -6.245529842,      -5.818025592,      -7.299072974,       -3.33130653
         341,      -6.381193489,      -6.228182158,       -5.80243866,      -7.308330231,       -3.32274123
         342,      -6.380946647,      -6.216041473,       -5.79396352,      -7.361096497,      -3.338717747
         343,      -6.412426446,      -6.243850936,      -5.827115457,      -7.360666493,      -3.309978536
         344,      -6.441805884,      -6.259011951,      -5.851930647,      -7.375163129,      -3.273322974
         345,      -6.492914551,      -6.305855113,      -5.908671634,      -7.334721753,       -3.21002739
         346,      -6.524573275,      -6.317120838,      -5.943433885,      -7.246506011,      -3.116084384
         347,      -6.566944381,      -6.358318664,      -5.996741111,      -7.125747525,       -3.01479623
         348,       -6.54755095,      -6.325796435,       -5.97300473,      -6.925619547,      -2.873535907
         349,      -6.569029249,      -6.353453554,      -5.998032147,      -6.799423603,      -2.806170659
         350,      -6.574334161,      -6.355974834,      -6.004171009,      -6.938766032,       -3.02916216
         351,      -6.574089113,       -6.35125718,      -6.004867367,      -7.036577541,      -3.202108712
         352,      -6.584368647,      -6.355919899,      -6.014851636,       -7.10206429,      -3.306093699
         353,      -6.604181856,      -6.373313745,      -6.034800656,      -7.164322787,      -3.289149869
         354,      -6.615485834,      -6.376536602,      -6.041829668,      -7.210183921,        -3.2705378
         355,      -6.642713486,      -6.408120075,      -6.076489809,      -7.253292944,      -3.238712945
         356,      -6.640590753,      -6.401157278,      -6.073127166,      -7.296998705,      -3.253924122
         357,      -6.667584245,      -6.437418336,      -6.108997939,      -7.324658281,      -3.236889687
         358,       -6.65805686,      -6.427395415,       -6.09650912,      -7.374348758,      -3.265407505
         359,      -6.674962743,      -6.458051824,      -6.120167551,        -7.3903872,      -3.277288385
         360,      -6.682167848,      -6.473515204,      -6.132999527,      -7.408563151,      -3.284858847
         361,      -6.681176219,      -6.478517297,      -6.133524141,      -7.424627774,      -3.298305778
         362,      -6.677526847,       -6.48299279,      -6.129228229,      -7.447658104,      -3.323372081
         363,      -6.671658572,      -6.486110754,      -6.123658693,      -7.469103048,      -3.345225384
         364,      -6.654600825,      -6.473326002,      -6.106664561,      -7.487426237,      -3.363030882
         365,      -6.630517527,      -6.455564712,      -6.081991659,      -7.508647917,      -3.386845164
         366,      -6.606438498,      -6.436406576,      -6.056344605,      -7.524372882,       -3.40065296
         367,      -6.520980994,      -6.340884347,      -5.960310307,      -7.564246495,      -3.426548748
         368,      -6.510049705,      -6.352856895,      -5.958707853,      -7.575482257,      -3.431010564
         369,      -6.416274296,      -6.245832579,      -5.852410615,      -7.605599313,      -3.412779494
         370,      -6.409354974,      -6.256283443,      -5.855413938,      -7.610265369,       -3.37859767
         371,      -6.399565492,      -6.244108426,      -5.848039548,      -7.603647465,      -3.328357725
         372,      -6.401467584,      -6.241211659,      -5.845261473,      -7.575194468,      -3.261211498
         373,      -6.409949994,      -6.248396168,      -5.850314462,      -7.517933105,      -3.174095049
         374,      -6.411666102,      -6.248671208,      -5.852706752,      -7.418389879,      -3.067379749
         375,      -6.409988743,       -6.24798447,      -5.851129065,      -7.273994509,      -2.940220894
         376,      -6.380066199,      -6.208365495,      -5.811370621,      -7.016890904,       -2.73967226
         377,      -6.413428287,      -6.245883241,      -5.851190515,      -6.815024781,       -2.58318099
         378,      -6.404148706,      -6.219653366,      -5.836404874,      -7.050145193,      -2.772732343
         379,      -6.432992087,      -6.251090353,      -5.867404861,      -7.189735123,      -2.860620257
         380,      -6.436917623,      -6.239926094,      -5.864972541,      -7.252271136,      -2.900605144
         381,      -6.467686378,      -6.272689794,      -5.899813279,      -7.299327176,      -2.803134391
         382,      -6.473016772,      -6.261333288,      -5.902626938,      -7.235702707,       -2.55999868
         383,      -6.505204236,      -6.289174667,      -5.937457543,      -7.102999412,      -2.430747473
         384,      -6.525962907,      -6.292575303,      -5.956020636,      -7.126583269,      -2.631983098
         385,      -6.560095627,      -6.319548505,      -5.991959124,      -7.126804262,      -2.801911169
         386,      -6.550500137,      -6.297943602,      -5.978711944,      -7.101998754,      -2.766937618
         387,      -6.577288363,      -6.327469042,      -6.011133089,      -7.119297341,      -2.609258905
         388,      -6.535121048,      -6.288603101,      -5.967602592,      -7.099738479,      -2.324028047
         389,      -6.532894562,      -6.297549421,      -5.968836784,      -7.119901834,      -2.522433651
         390,       -6.48144592,      -6.256368068,      -5.914334194,      -7.119021428,      -2.564295285
         391,      -6.468752137,        -6.2555733,       -5.90509488,      -7.105596672,      -2.351659742
         392,      -6.404253645,      -6.199664768,      -5.834174801,      -7.104764936,      -2.464218104
         393,      -6.388658422,      -6.193448094,      -5.820754644,      -7.109012672,      -2.393944974
         394,      -6.317808911,      -6.124376065,      -5.745736336,      -7.058593051,      -2.217899648
         395,      -6.295449073,      -6.108138288,      -5.723827157,      -7.024772871,      -2.153448792
         396,      -6.248928539,      -6.059364034,      -5.670850901,      -6.942582501,      -2.027752277
         397,      -6.243988809,      -6.055734929,       -5.66652754,      -6.833551171,      -1.919587045
         398,      -6.214628317,      -6.020994017,       -5.63342142,      -6.796676749,      -1.892059752
         399,      -6.209915484,      -6.014664534,      -5.630671068,      -6.757827297,      -1.866591565
         400,      -6.178590759,      -5.984024614,      -5.598832988,      -6.787450009,      -1.934459786
         401,      -6.167719741,      -5.979752351,      -5.592145076,      -6.852178549,      -2.039043189
         402,      -6.122568097,      -5.934405386,      -5.544181275,      -6.944294606,      -2.221020968
         403,      -6.083023814,      -5.897936237,      -5.504174915,      -7.041025197,      -2.248889764
         404,      -6.034989943,      -5.842084671,      -5.445502495,      -7.094380009,      -2.362387018
         405,      -6.043792596,      -5.838886901,      -5.447721241,      -7.147562697,      -2.329546475
         406,      -6.063571365,      -5.852998107,      -5.461264371,      -7.180845741,      -2.404089853
         407,      -6.101970129,      -5.886969443,      -5.504789718,      -7.171310968,      -2.382225155
         408,      -6.114390598,      -5.897561823,      -5.520122905,      -7.210243493,        -2.4419617
         409,       -6.12677425,      -5.905973753,      -5.540721925,      -7.167542771,      -2.422760205
         410,      -6.143246884,      -5.913959492,      -5.550872587,      -7.211401341,      -2.449984156
         411,      -6.190517039,      -5.965255967,      -5.603936296,      -7.178749213,       -2.45652928
         412,      -6.207540923,      -5.981336673,      -5.623131009,      -7.214157265,      -2.501332954
         413,      -6.213229433,      -5.988579116,      -5.637685225,      -7.190344889,      -2.511674125
         414,      -6.223035843,      -5.984322269,      -5.639343049,      -7.231296198,       -2.58984468
         415,      -6.267794062,      -6.029399127,      -5.689788374,      -7.228100209,      -2.601191477
         416,      -6.292775857,      -6.051220248,      -5.714359902,      -7.257564959,      -2.680747443
         417,      -6.325242751,      -6.086137597,      -5.757441214,      -7.257402268,      -2.684495304
         418,      -6.334631538,       -6.08600701,      -5.764265047,      -7.282540415,      -2.741292373
         419,      -6.371091472,      -6.123407353,       -5.80660613,      -7.288290602,       -2.73253446
         420,      -6.387513154,      -6.129658369,      -5.819230055,       -7.30368606,      -2.774863353
         421,      -6.423761209,      -6.168313333,      -5.861666837,      -7.306495786,      -2.766841077
         422,      -6.428272884,      -6.165182478,      -5.863574064,      -7.315386823,      -2.828929653
         423,      -6.465136171,      -6.205108491,      -5.911534342,      -7.326687394,      -2.831819285
         424,      -6.477969386,      -6.207348351,       -5.91914735,      -7.340326327,      -2.886887009
         425,      -6.527912284,      -6.257997285,      -5.972941757,      -7.355712836,      -2.878065671
         426,      -6.551092782,      -6.273361895,      -5.989484025,      -7.368450607,      -2.932099398
         427,      -6.606599226,      -6.328830289,      -6.052829305,      -7.389486355,      -2.925374401
         428,      -6.626988508,      -6.340929751,      -6.068173936,      -7.409870268,      -2.969314866
         429,      -6.684504383,      -6.395015871,      -6.128711231,      -7.425761118,      -2.966239962
         430,      -6.712742082,      -6.418803906,      -6.152181879,      -7.446986235,      -3.012264151
         431,      -6.763557041,      -6.465231555,       -6.20657265,       -7.46196699,      -3.004978613
         432,      -6.783986371,      -6.477810124,      -6.220577227,      -7.481040438,      -3.056660088
         433,      -6.836784367,      -6.527296772,      -6.279012446,      -7.492993643,      -3.053837658
         434,      -6.842512944,      -6.531778199,      -6.279174291,      -7.513362688,      -3.097613833
         435,      -6.878060064,      -6.567565239,      -6.316174175,      -7.518349011,      -3.098752921
         436,      -6.871463657,      -6.565971098,      -6.306230802,      -7.536207136,      -3.140856189
         437,      -6.893619554,      -6.591305963,      -6.330758129,      -7.537357044,      -3.137114427
         438,      -6.883387305,      -6.579997525,      -6.313881966,      -7.554945934,      -3.182627583
         439,      -6.897591854,      -6.600275194,      -6.331495932,       -7.55106143,      -3.180139118
         440,      -6.873834694,      -6.584180171,      -6.301653733,      -7.565049211,       -3.21607615
         441,      -6.876432617,       -6.59474942,       -6.30625484,      -7.551264668,      -3.212424204
         442,      -6.857655059,      -6.580719664,       -6.28402488,      -7.570473062,      -3.249511328
         443,       -6.85856154,      -6.585427705,      -6.287433359,      -7.551334873,      -3.242439529
         444,      -6.841048663,      -6.572288286,      -6.263862312,      -7.574307126,      -3.283885107
         445,      -6.849639826,      -6.585778301,      -6.276372337,      -7.556260036,      -3.280499995
         446,      -6.840350457,      -6.579611906,      -6.263015711,       -7.57563397,      -3.312685507
         447,      -6.845379807,      -6.592103533,      -6.271443105,      -7.552205516,      -3.310130894
         448,      -6.845860512,      -6.596917677,      -6.268521734,      -7.578700128,      -3.343914052
         449,      -6.856339972,      -6.609367859,      -6.282224016,      -7.557063588,      -3.336823412
         450,      -6.869169366,      -6.625979952,      -6.289072243,      -7.588314993,      -3.374588899
         451,      -6.886893942,      -6.646135931,      -6.309909805,      -7.576686953,      -3.372486678
         452,      -6.894563601,      -6.651774085,      -6.312780234,       -7.61174283,      -3.402659473
         453,      -6.920975835,      -6.683111367,       -6.34198862,      -7.600923565,      -3.404334428
         454,       -6.93488407,      -6.693890519,      -6.352168586,      -7.638635298,      -3.433896828
         455,      -6.965066026,      -6.726235565,      -6.386173484,      -7.631848139,      -3.428801957
         456,      -6.992284743,       -6.75324415,      -6.409871693,      -7.666307217,      -3.463087655
         457,      -7.026077679,      -6.784837241,      -6.446559503,      -7.665921778,      -3.460588387
         458,      -7.057282214,      -6.811475742,      -6.473226476,      -7.703432127,      -3.487553293
         459,      -7.100831797,      -6.856594529,      -6.519394989,      -7.701945093,      -3.487050095
         460,      -7.144452471,      -6.896048285,      -6.559787975,       -7.73398779,        -3.5150016
         461,      -7.188215901,      -6.932953064,      -6.607042128,      -7.741167936,      -3.510523608
         462,      -7.225054154,      -6.955673977,        -6.6392079,      -7.769222393,      -3.543559656
         463,      -7.279030302,      -7.003400541,      -6.696079093,      -7.777493645,      -3.540028348
         464,      -7.315409823,      -7.033280662,      -6.730411034,      -7.804360454,      -3.565246905
         465,      -7.360423518,      -7.067545084,       -6.77853153,      -7.808883393,      -3.562234232
         466,      -7.407626576,      -7.101795765,      -6.823124734,      -7.828679553,      -3.589635414
         467,      -7.453893925,      -7.132336134,      -6.871867777,      -7.841635131,       -3.58510464
         468,      -7.486404506,      -7.147873259,      -6.899210759,      -7.857347915,      -3.618220269
         469,      -7.551995238,      -7.193827301,      -6.965560291,      -7.869570429,      -3.614053445
         470,      -7.589687032,      -7.218464499,      -7.001119825,      -7.886889709,      -3.639421087
         471,        -7.6419567,      -7.249264767,      -7.054312905,      -7.894698893,      -3.642476708
         472,      -7.660187738,      -7.256839135,      -7.072811563,        -7.9088375,      -3.668188199
         473,      -7.718984567,      -7.287759115,      -7.130637457,      -7.923428325,       -3.66431122
         474,      -7.733220971,       -7.29277938,      -7.145089237,       -7.92999475,      -3.695607668
         475,      -7.789950036,      -7.323111126,      -7.201784178,      -7.941980153,      -3.697085366
         476,      -7.773805357,      -7.304896202,      -7.183914301,      -7.956063374,      -3.718667688
         477,      -7.808623302,      -7.328436946,      -7.215161211,      -7.963493845,      -3.724844452
         478,       -7.78043001,      -7.313776536,       -7.18875533,      -7.974217037,      -3.746899407
         479,      -7.817092238,      -7.339609266,      -7.222840808,      -7.987682304,      -3.741253311
         480,      -7.795091031,      -7.331944723,      -7.202531937,      -7.996643908,       -3.77095684
         481,      -7.838454746,      -7.361661827,       -7.24538593,      -8.007262518,      -3.768900383
         482,      -7.833229378,      -7.357409455,      -7.241916249,      -8.022586163,       -3.79131569
         483,       -7.84883682,      -7.376506881,      -7.257782692,      -8.030269817,      -3.797520471
         484,      -7.819983474,      -7.364636515,      -7.230993765,      -8.042800541,      -3.820798102
         485,      -7.839301354,      -7.387717734,      -7.250016843,      -8.053748169,       -3.81301984
         486,      -7.820265807,      -7.390453854,      -7.231678251,      -8.065091447,      -3.845440106
         487,       -7.83892683,      -7.413156816,      -7.253350372,      -8.074176284,      -3.839869992
         488,      -7.829655861,      -7.417507927,      -7.244094091,      -8.093098141,      -3.866047182
         489,      -7.833239321,      -7.429985177,      -7.249827194,      -8.098006374,      -3.869241559
         490,      -7.818222366,      -7.430451727,      -7.234232404,      -8.113915297,       -3.89701234
         491,      -7.821163902,      -7.443233298,      -7.239010896,      -8.121386087,      -3.894024348
         492,      -7.783992694,      -7.426912456,      -7.199572064,      -8.134872002,      -3.928347208
         493,      -7.798476615,      -7.446691232,      -7.217694009,      -8.139378532,      -3.922414903
         494,      -7.802334787,      -7.455266192,      -7.219567003,      -8.160112778,      -3.949272182
         495,      -7.805721283,       -7.46558383,      -7.226571364,      -8.160919167,      -3.950420594
         496,      -7.794940212,      -7.469626557,      -7.213506783,      -8.180387784,      -3.979113237
         497,      -7.799983968,      -7.478832331,      -7.220699972,      -8.182994254,      -3.974679439
         498,      -7.786246568,      -7.472161819,      -7.203501657,      -8.202314293,      -4.009927921
         499,      -7.795989481,      -7.485172764,      -7.217122567,      -8.203481624,      -4.005243913
         500,      -7.793875563,       -7.49008483,        -7.2122501,      -8.225739882,      -4.032321019
         501,      -7.794573838,      -7.496959762,      -7.215951968,       -8.22298508,      -4.033271336
         502,      -7.787258339,        -7.4983405,      -7.205270668,      -8.245266799,        -4.0622505
         503,      -7.795591574,      -7.508566586,      -7.216695189,      -8.244321527,      -4.055750718
         504,      -7.789011735,      -7.509403854,      -7.206947737,      -8.267321249,       -4.09106205
         505,      -7.797849712,      -7.521825964,      -7.220105137,      -8.263837531,      -4.084900884
         506,      -7.797567168,      -7.528363221,      -7.216438313,      -8.288651073,      -4.112421764
         507,      -7.800438897,      -7.533735578,      -7.222093236,      -8.284049212,      -4.114009507
         508,       -7.79831731,      -7.531878767,      -7.215785953,      -8.310379782,      -4.142727647
         509,      -7.815034515,      -7.549616963,      -7.236245041,      -8.306514649,      -4.135913019
         510,      -7.814327685,      -7.557213916,      -7.232519654,      -8.331720634,      -4.170324262
         511,       -7.82409748,      -7.568431579,      -7.246202331,      -8.324926696,      -4.163524284
         512,      -7.827421259,      -7.577438233,      -7.245557649,      -8.352995501,      -4.190569589
         513,      -7.834922528,      -7.584925328,      -7.256608358,      -8.347563093,       -4.19118428
         514,      -7.836316175,      -7.584135994,      -7.253975258,      -8.375469689,      -4.219394123
         515,      -7.855625315,      -7.603989463,      -7.277447811,      -8.368921539,      -4.212316493
         516,      -7.857360858,      -7.611222877,      -7.275387313,      -8.396689842,      -4.245921726
         517,      -7.868719467,      -7.621090942,      -7.290376087,      -8.389680758,      -4.239610539
         518,      -7.878493645,      -7.630533055,      -7.295907448,        -8.4189741,      -4.265938653
         519,      -7.893007231,      -7.644759624,      -7.314767917,       -8.41275202,      -4.265893483
         520,      -7.900061886,      -7.652456593,      -7.318087763,      -8.441043189,      -4.293366205
         521,      -7.918160304,      -7.670877675,      -7.339925654,       -8.43333188,      -4.286209307
         522,      -7.918252984,       -7.67622839,      -7.335783402,      -8.462934497,      -4.319146098
         523,      -7.930078204,      -7.686237572,      -7.351658395,      -8.455061623,      -4.311879706
         524,      -7.941229479,      -7.700834309,      -7.359032523,      -8.484211704,      -4.337421425
         525,      -7.954881319,      -7.715291093,      -7.376989104,      -8.477894188,      -4.337235531
         526,      -7.958823382,      -7.719094387,      -7.376681289,      -8.507500221,      -4.363890055
         527,      -7.974926157,      -7.734816999,      -7.396334768,      -8.500607058,       -4.35678833
         528,      -7.978423059,      -7.741826542,       -7.39559648,      -8.531556611,      -4.388855957
         529,      -7.994408653,      -7.754172448,      -7.415991915,      -8.523219592,      -4.381519908
         530,      -8.009469129,      -7.771052965,      -7.427490164,      -8.552814317,      -4.405948637
         531,      -8.024874513,       -7.78550519,      -7.446657343,      -8.546572477,      -4.405828879
         532,       -8.02904508,      -7.788408586,      -7.446421282,      -8.578508665,      -4.431569804
         533,      -8.048095605,      -7.805265645,      -7.469119218,      -8.570746778,      -4.424053813
         534,      -8.052943462,      -7.815415739,      -7.470524848,      -8.601285816,      -4.454719233
         535,      -8.068316954,      -7.828925201,      -7.490341879,      -8.593204936,       -4.44816811
         536,      -8.081202715,      -7.841914546,      -7.499303702,       -8.62282299,      -4.471273582
         537,      -8.090974669,      -7.851135143,      -7.512739834,      -8.614456962,      -4.469346314
         538,      -8.101332557,       -7.86053303,      -7.518612199,       -8.64572622,      -4.494401128
         539,      -8.121488151,      -7.878765032,      -7.542856331,       -8.63840872,       -4.48657397
         540,      -8.131174278,      -7.891830442,      -7.548684412,       -8.66909117,      -4.516565121
         541,      -8.146973635,       -7.90712574,      -7.568825593,      -8.659916956,      -4.508615014
         542,      -8.161749619,      -7.922601374,      -7.579231609,      -8.690801512,      -4.531907585
         543,      -8.172163944,       -7.93192026,      -7.593727957,      -8.685625236,      -4.531552362
         544,      -8.176891928,      -7.934595442,      -7.594067061,      -8.716376649,      -4.555832746
         545,      -8.196721995,      -7.955297302,      -7.618591125,      -8.706753761,      -4.546912682
         546,      -8.207838825,      -7.970846987,      -7.625717195,      -8.736118761,      -4.575960008
         547,      -8.218343715,      -7.978748744,       -7.64020411,      -8.730845887,      -4.570144025
         548,      -8.229023689,       -7.98702721,      -7.646014424,      -8.761866714,      -4.592213714
         549,      -8.243856463,      -8.002479002,       -7.66553205,      -8.754215179,      -4.589651073
         550,      -8.257022183,      -8.017034738,      -7.674678956,      -8.782722535,      -4.612829101
         551,      -8.275244606,      -8.034322243,      -7.696782894,      -8.775421725,      -4.604266632
         552,      -8.283088673,      -8.045879168,      -7.700126196,      -8.805807896,      -4.632530124
         553,      -8.296829902,      -8.055454115,      -7.718088301,      -8.801060752,      -4.626069184
         554,      -8.308963848,      -8.064991069,      -7.726022749,      -8.829892113,      -4.647182132
         555,      -8.325823339,      -8.082373809,      -7.747653244,      -8.823921016,      -4.645339199
         556,      -8.331049847,      -8.089307507,      -7.748776018,      -8.851300404,      -4.667231135
         557,      -8.348178431,      -8.104036875,      -7.769472579,      -8.844837477,      -4.658148125
         558,      -8.357766167,      -8.115154108,      -7.774517802,      -8.872948729,      -4.685094928
         559,      -8.376454795,      -8.128822327,      -7.797657447,      -8.868835317,      -4.678259187
         560,      -8.390207682,      -8.141918498,      -7.807419386,      -8.895330051,      -4.698320872
         561,      -8.406026962,      -8.156284621,      -7.827395353,      -8.890050738,      -4.696534779
         562,      -8.407273086,      -8.160135352,      -7.824291712,      -8.917069207,      -4.717685443
         563,      -8.426842625,      -8.175571838,      -7.847837615,       -8.91123576,      -4.708639658
         564,      -8.434791275,      -8.187558222,      -7.851989221,      -8.937058644,      -4.734569391
         565,      -8.453223411,      -8.201851566,      -7.875118442,      -8.932944732,      -4.728104195
         566,      -8.461521489,      -8.210063394,       -7.87924059,      -8.958463943,      -4.747471397
         567,      -8.474997284,      -8.220788955,      -7.896741607,      -8.953751095,      -4.745498738
         568,      -8.479130225,      -8.225667872,      -7.896420306,      -8.979220008,      -4.766193913
         569,      -8.501200603,      -8.243197811,      -7.922701677,      -8.973971257,      -4.757217017
         570,      -8.513357624,      -8.259529796,      -7.930856803,      -8.997902961,      -4.782573478
         571,      -8.531568722,      -8.272921343,      -7.953309304,      -8.994716249,      -4.777034291
         572,      -8.538243821,      -8.278198044,      -7.955181439,      -9.019991454,      -4.795972908
         573,      -8.553571683,      -8.290220471,      -7.974865876,      -9.016861238,      -4.795681159
         574,      -8.556072654,      -8.294246449,      -7.973526274,      -9.039502002,      -4.815337276
         575,      -8.577609092,      -8.312040077,      -7.999415659,      -9.034361857,      -4.807043731
         576,      -8.589204564,      -8.324699634,      -8.006723778,       -9.05610175,       -4.83117114
         577,       -8.60401867,      -8.335507088,      -8.025632465,      -9.054232432,      -4.826472931
         578,      -8.612680029,      -8.341306249,      -8.029911046,      -9.077381409,      -4.844119901
         579,      -8.627518394,      -8.354540427,      -8.049700008,      -9.072893743,      -4.842596724
         580,      -8.631128429,      -8.360157618,      -8.049494368,      -9.093394528,      -4.860907395
         581,       -8.64975816,      -8.376291379,      -8.071910213,      -9.087712309,      -4.852332581
         582,       -8.65752561,      -8.387006337,       -8.07516474,        -9.1094467,      -4.875585288
         583,      -8.670704697,       -8.39550911,      -8.092507242,      -9.106880809,       -4.86940772
         584,      -8.680956997,      -8.404102797,      -8.098685826,      -9.128721439,       -4.88633497
         585,      -8.692588604,      -8.415139787,       -8.11479064,      -9.126338056,      -4.886291267
         586,      -8.688436246,      -8.412454287,      -8.106898765,      -9.146055388,      -4.903527481
         587,      -8.701695201,      -8.423411386,       -8.12401876,      -9.141709003,      -4.895145445
         588,      -8.701534979,      -8.426497091,       -8.11986008,      -9.161725019,      -4.916834821
         589,        -8.7191168,      -8.438772111,      -8.141345061,      -9.159871333,      -4.910923091
         590,      -8.728233336,      -8.444482821,      -8.146532354,      -9.179922791,      -4.926047317
         591,      -8.743897199,      -8.457475628,      -8.166001015,      -9.175574178,      -4.923423991
         592,      -8.743300893,      -8.460373782,      -8.161292833,      -9.194803912,      -4.939995395
         593,       -8.76377036,      -8.474644023,      -8.185020909,       -9.19168349,      -4.930656962
         594,         -8.766578,      -8.482031751,      -8.184004047,      -9.210295122,      -4.951546634
         595,      -8.787463311,       -8.49575281,      -8.208970241,      -9.208295599,      -4.944348819
         596,      -8.791985402,      -8.500576799,      -8.209415185,      -9.227474993,      -4.959257556
         597,      -8.806695477,      -8.510024378,      -8.227715268,       -9.22478974,      -4.956974783
         598,      -8.802487003,      -8.508561591,      -8.219377156,      -9.242860546,      -4.973441871
         599,      -8.825232594,      -8.522937278,      -8.245855002,      -9.239449807,      -4.962307998
         600,       -8.82709908,      -8.534113505,      -8.244165142,      -9.256427494,      -4.982989775
         601,      -8.848801515,      -8.546185804,       -8.26989049,       -9.25516648,      -4.975849041
         602,      -8.846623747,      -8.546874672,       -8.26303773,      -9.273692806,      -4.991345888
         603,      -8.866885625,      -8.557590922,      -8.287150929,      -9.271176778,      -4.988026622
         604,      -8.862482699,      -8.559422067,      -8.278657391,      -9.287655292,      -5.004784786
         605,      -8.887702665,      -8.574360952,      -8.307654621,      -9.286036187,      -4.995524609
         606,      -8.882593131,      -8.578480323,      -8.298675573,      -9.301333437,      -5.016286528
         607,      -8.905608879,      -8.590289495,      -8.325489494,       -9.30031244,      -5.009465947
         608,      -8.910779444,      -8.596421928,      -8.326286396,      -9.317237828,      -5.024903499
         609,       -8.93142771,      -8.606891905,      -8.351162362,      -9.316110641,      -5.022675681
         610,      -8.923651478,      -8.608484338,      -8.339758115,      -9.330732937,      -5.039126694
         611,      -8.946978713,      -8.622025722,      -8.366963835,      -9.329014437,      -5.029965461
         612,      -8.945192139,      -8.628505531,      -8.361079042,      -9.342817496,      -5.050892356
         613,      -8.969368045,        -8.6398315,      -8.389325792,      -9.344369772,      -5.046618133
         614,      -8.968646084,      -8.640495765,        -8.3843499,      -9.359783816,      -5.061098578
         615,      -8.986960487,      -8.650952988,      -8.406972601,      -9.358298829,       -5.05962746
         616,       -8.97920276,      -8.652383632,       -8.39602369,      -9.370934273,       -5.07508831
         617,      -9.000161205,      -8.664908258,       -8.42030665,      -9.370003795,      -5.066586226
         618,       -9.00301019,      -8.671487623,      -8.418738839,      -9.382306088,      -5.086506789
         619,      -9.027693047,      -8.684423146,       -8.44717238,      -9.384757525,      -5.083153931
         620,      -9.028498182,      -8.684602329,      -8.444184924,       -9.39885571,      -5.096540731
         621,      -9.044750331,      -8.695405537,      -8.464621058,      -9.397997956,      -5.095610984
         622,      -9.036889881,      -8.695908793,      -8.453837889,       -9.40927487,      -5.109757017
         623,      -9.056125013,       -8.70857273,      -8.476121721,      -9.409105578,       -5.10152947
         624,      -9.064026356,      -8.716228263,      -8.479886094,      -9.420333486,      -5.120216984
         625,      -9.087554077,      -8.729763631,      -8.507032338,      -9.423242363,       -5.11686239
         626,      -9.087827396,      -8.728516424,       -8.50405941,      -9.435814056,      -5.129365662
         627,      -9.100449214,      -8.737967656,      -8.520273992,      -9.435207516,      -5.128703238
         628,      -9.091362273,      -8.735852396,      -8.508066565,       -9.44505499,      -5.142042662
         629,       -9.11117009,      -8.749190421,      -8.530617514,      -9.446297498,      -5.134354862
         630,      -9.112071729,      -8.753122553,      -8.528180014,      -9.456026089,      -5.151742842
         631,      -9.134734037,      -8.767730323,       -8.55417629,      -9.458341574,      -5.147234051
         632,      -9.137513863,      -8.767536327,       -8.55382593,      -9.469770661,       -5.15894505
         633,      -9.149842034,      -8.777144042,      -8.568952022,      -9.469682283,      -5.158382889
         634,      -9.146649842,      -8.774556575,      -8.562244833,      -9.479003985,      -5.171039855
         635,      -9.166461938,      -8.788890614,      -8.584821718,      -9.481472541,      -5.163931652
         636,      -9.161240204,      -8.789838278,      -8.577244333,      -9.489857709,      -5.180565574
         637,      -9.180873251,      -8.804445824,      -8.599896794,      -9.491659993,      -5.174764527
         638,      -9.188162336,      -8.808277743,      -8.604603991,      -9.502149599,      -5.186281174
         639,      -9.201166496,      -8.817913815,      -8.620312161,       -9.50302289,      -5.185764072
         640,      -9.196781161,       -8.81323394,       -8.61239214,      -9.511485754,      -5.198078762
         641,      -9.214552337,       -8.82783639,      -8.632857568,      -9.514249043,       -5.19161468
         642,      -9.205243565,      -8.824686682,      -8.621287062,      -9.521220231,      -5.207792777
         643,      -9.221435874,      -8.838802623,      -8.640263585,      -9.522678397,       -5.20112178
         644,      -9.234398306,      -8.845919408,      -8.650402564,      -9.532486067,      -5.212185149
         645,      -9.247397124,      -8.856102703,      -8.666007962,      -9.533211232,      -5.210017466
         646,       -9.25863914,      -8.861511734,      -8.674855443,      -9.541397109,      -5.222518263
         647,      -9.274777066,      -8.873992313,      -8.693455197,      -9.545426647,        -5.2176754
         648,      -9.264068973,      -8.865938678,      -8.680124761,      -9.551536018,      -5.233752171
         649,      -9.274159819,      -8.878581867,      -8.693089642,      -9.554091051,      -5.230069317
         650,      -9.261840488,      -8.871763037,      -8.679068817,      -9.562256416,      -5.239949067
         651,       -9.26808362,      -8.880814013,      -8.687522636,      -9.562418691,      -5.237257575
         652,      -9.285297858,      -8.886828446,      -8.702614515,      -9.569421617,      -5.248479691
         653,      -9.301943297,      -8.900502477,      -8.721070886,      -9.573906423,      -5.243629343
         654,       -9.30023069,      -8.893155472,      -8.716936003,      -9.579223647,      -5.258934995
         655,      -9.310407837,      -8.906509926,      -8.729313246,      -9.582181297,      -5.255272932
         656,      -9.298597167,      -8.899127357,      -8.715565341,      -9.589533416,      -5.264485651
         657,      -9.305020182,      -8.909532388,       -8.72386588,      -9.589926107,      -5.261891145
         658,      -9.318331861,      -8.913680839,      -8.735023742,      -9.596403562,      -5.272385643
         659,      -9.334469476,      -8.928322394,      -8.752711435,      -9.600111924,      -5.264801907
         660,      -9.348531512,      -8.932026211,      -8.764762978,      -9.605409602,      -5.280252119
         661,      -9.363368378,       -8.94656163,      -8.781608279,      -9.609361248,       -5.27845951
         662,      -9.353171866,      -8.934410718,      -8.769650876,      -9.616845712,      -5.287579162
         663,      -9.352710191,      -8.942530404,      -8.771594975,      -9.617451586,      -5.285820157
         664,      -9.351256221,      -8.941207883,      -8.768572487,      -9.622841006,      -5.295903798
         665,      -9.360339087,       -8.95399275,      -8.778893741,      -9.625828556,      -5.287773974
         666,      -9.372412679,      -8.958366687,      -8.788221698,      -9.630838024,      -5.302709516
         667,      -9.387373278,      -8.973413556,       -8.80499138,      -9.634824444,      -5.300285309
         668,       -9.38494815,      -8.962709697,      -8.800638627,      -9.642264215,      -5.309368193
         669,       -9.38736089,      -8.972904311,      -8.805694166,      -9.643200368,      -5.308478276
         670,      -9.382176251,       -8.96789965,      -8.799012574,      -9.648042033,      -5.318416892
         671,      -9.392011508,       -8.98209786,      -8.810258001,      -9.651067426,      -5.310702538
         672,      -9.401171775,      -8.983830498,       -8.81662646,      -9.655162907,      -5.325151192
         673,      -9.416547711,      -8.999816078,      -8.833685835,      -9.658477147,       -5.31929185
         674,      -9.429800786,      -9.002488361,      -8.845269994,      -9.666018117,      -5.328816408
         675,      -9.435200858,           -9.0132,      -8.852857668,      -9.667827539,      -5.329421974
         676,      -9.428982976,      -9.001551128,      -8.844321466,      -9.672634867,      -5.339851807
         677,      -9.436736345,      -9.015260807,      -8.854147877,      -9.675824763,      -5.333214918
         678,      -9.427298637,      -9.010394566,      -8.842756787,      -9.679102492,       -5.34740349
         679,      -9.439722655,      -9.025725428,      -8.857046555,       -9.68219972,      -5.341609407
         680,      -9.459234689,      -9.028588885,      -8.873867392,      -9.689097623,      -5.350757536
         681,      -9.464371043,      -9.039515398,      -8.881528417,      -9.690541854,      -5.349838663
         682,      -9.463394637,      -9.033999874,      -8.878161888,      -9.695268079,       -5.36028955
         683,      -9.472116213,       -9.04795355,      -8.888865734,      -9.698464083,      -5.352955481
         684,      -9.481757489,      -9.049845584,      -8.895957157,       -9.70191531,      -5.367508346
         685,      -9.491972101,      -9.063629092,      -8.908569336,      -9.705029015,      -5.361483005
         686,      -9.507448102,      -9.066125731,      -8.920710355,      -9.711635302,      -5.371070599
         687,      -9.509933397,       -9.07607422,      -8.926162644,      -9.713267299,      -5.370120074
         688,      -9.511920934,      -9.070437857,      -8.925793136,      -9.717690149,      -5.380873923
         689,      -9.515067463,      -9.082140969,      -8.931399367,      -9.721178535,      -5.374778888
         690,      -9.510367573,      -9.075810373,      -8.924581423,      -9.723906329,      -5.389166525
         691,      -9.519339465,      -9.089524829,      -8.935703979,      -9.727244847,      -5.385385918
         692,      -9.521901899,      -9.079544132,      -8.935014568,      -9.733182298,      -5.394104027
         693,       -9.52389383,      -9.090105929,      -8.939674339,      -9.734464446,      -5.393109371
         694,      -9.524395063,        -9.0854714,      -8.938821161,      -9.738515145,      -5.403270636
         695,      -9.531782113,       -9.09882208,      -8.947694699,      -9.742244089,      -5.396133146
         696,      -9.538509626,      -9.098897834,      -8.952282432,      -9.745287417,      -5.410258312
         697,      -9.549072361,      -9.113465798,      -8.964848815,       -9.74913658,      -5.406629059
         698,      -9.549860675,      -9.103744736,       -8.96246848,      -9.755237755,      -5.415378853
         699,      -9.550807496,      -9.114116073,      -8.966371239,      -9.756723304,       -5.41440286
         700,      -9.546869407,      -9.106976286,      -8.960989863,      -9.760434236,       -5.42411592
         701,      -9.554714909,      -9.120530893,      -8.970435747,      -9.764210488,      -5.417235872
         702,       -9.55550285,      -9.117309532,      -8.969221514,      -9.766777319,      -5.430934803
         703,      -9.568371367,      -9.132615254,      -8.983803594,      -9.770478356,      -5.425794184
         704,      -9.577579317,      -9.129836418,      -8.990874338,      -9.776337695,       -5.43448279
         705,      -9.579637854,      -9.139967492,      -8.995257966,      -9.778258929,      -5.434487178
         706,       -9.57224148,      -9.128679402,       -8.98600975,      -9.781890865,      -5.444193984
         707,      -9.578015057,      -9.141668985,       -8.99367208,      -9.785659033,      -5.437870174
         708,      -9.570118173,      -9.132898941,      -8.983794552,      -9.787716515,       -5.45123895
         709,      -9.583933019,      -9.148942756,      -8.998934852,      -9.791042062,      -5.445008585
         710,      -9.597460605,       -9.15120146,      -9.010490364,      -9.796864835,      -5.453477281
         711,      -9.603055284,      -9.162370004,      -9.017975409,      -9.799001499,      -5.452853584
         712,      -9.603307259,      -9.154157439,      -9.016475637,      -9.802699508,      -5.462742059
         713,      -9.610597349,       -9.16740998,      -9.025283324,      -9.806682121,      -5.457084882
         714,       -9.59955634,      -9.156557954,      -9.012449212,      -9.808407691,      -5.470570969
         715,      -9.612056548,      -9.172392732,      -9.026417712,      -9.811785683,      -5.465230376
         716,      -9.615619388,      -9.168274681,      -9.027941165,      -9.817236719,      -5.473347487
         717,      -9.621419797,      -9.179638539,      -9.035532148,      -9.818828521,      -5.470668902
         718,      -9.633732799,      -9.182876031,      -9.047376359,      -9.822223543,       -5.48062494
         719,       -9.64460992,      -9.195860496,      -9.059100983,      -9.826787779,      -5.475885151
         720,      -9.633204383,      -9.180163442,      -9.045185445,      -9.829146868,      -5.489333587
         721,      -9.643464773,      -9.195571394,      -9.057513176,      -9.832538803,      -5.484752051
         722,       -9.63548883,      -9.185345974,      -9.048118487,      -9.837416304,      -5.492742449
         723,      -9.637182247,      -9.195735815,      -9.051046031,      -9.838483892,      -5.490991353
         724,      -9.638210456,      -9.191830861,      -9.050949315,      -9.841998631,      -5.500283576
         725,      -9.649025529,      -9.205234992,      -9.062045904,      -9.846389742,      -5.494071315
         726,      -9.650221345,      -9.198774445,      -9.061827329,      -9.848181382,      -5.507430636
         727,      -9.665454657,      -9.215089747,      -9.078234291,      -9.851910525,      -5.503148484
         728,      -9.663828554,      -9.205802888,      -9.074652096,      -9.857122023,      -5.511065837
         729,      -9.668110103,      -9.217864614,      -9.080867645,      -9.858621549,      -5.509803848
         730,      -9.664462091,      -9.210253669,      -9.076539274,      -9.861628393,       -5.51892839
         731,      -9.674699632,       -9.22445891,      -9.087449155,      -9.865446832,      -5.511681948
         732,      -9.681139676,       -9.22371032,      -9.092925415,      -9.867463237,      -5.524841764
         733,      -9.693784804,      -9.238220822,       -9.10689175,      -9.871551028,      -5.520769887
         734,      -9.690832668,      -9.226354642,      -9.101910118,      -9.876607384,      -5.528789511
         735,       -9.69324815,      -9.237608762,      -9.106004545,      -9.877488041,       -5.52795962
         736,      -9.689784278,      -9.228373702,       -9.10091449,      -9.880289281,      -5.537112181
         737,      -9.699785413,      -9.242755387,      -9.111664053,       -9.88494211,      -5.530826741
         738,       -9.69267555,      -9.235057488,      -9.104303315,      -9.886820062,      -5.543534746
         739,      -9.703606258,      -9.250480267,      -9.116442544,      -9.890180167,       -5.53734546
         740,      -9.714225613,       -9.25206396,      -9.126345041,      -9.894883306,      -5.545556096
         741,      -9.717962948,      -9.262747738,      -9.131125916,      -9.896583477,      -5.545010501
         742,      -9.713953467,      -9.250063662,      -9.124723976,      -9.899682634,      -5.554305327
         743,      -9.723904835,      -9.264788009,      -9.136025919,      -9.904049192,      -5.548432564
         744,       -9.71210482,        -9.2544912,      -9.124029409,      -9.904823001,      -5.561371726
         745,      -9.724641081,      -9.270572362,      -9.137669761,       -9.90837458,      -5.555667417
         746,      -9.730952235,      -9.268648095,      -9.142839138,      -9.913163343,      -5.563424047
         747,      -9.734236607,       -9.27938786,      -9.147486829,      -9.914944631,       -5.56169143
         748,       -9.73803251,      -9.276014503,      -9.150925601,      -9.917437855,      -5.571136331
         749,       -9.74763931,      -9.288899036,       -9.16098976,      -9.921808845,      -5.566106557
         750,      -9.735330477,      -9.273129102,      -9.146793861,      -9.923260133,      -5.578778675
         751,      -9.745605261,       -9.28897863,        -9.1585203,      -9.926770628,      -5.574257819
         752,      -9.737214058,      -9.278041968,      -9.149097805,      -9.930682573,      -5.581791713
         753,       -9.74200998,      -9.290097895,      -9.154814157,      -9.931939811,      -5.579985311
         754,      -9.743838583,      -9.285310979,      -9.156033448,      -9.934758053,      -5.588674057
         755,       -9.75647365,      -9.299479215,      -9.168924607,      -9.939446087,      -5.582686066
         756,      -9.754908754,      -9.291070921,      -9.166515205,      -9.940309465,      -5.595392607
         757,      -9.769272732,      -9.307326133,      -9.181728436,      -9.943984546,      -5.591141259
         758,      -9.764640815,      -9.296700967,      -9.175279195,      -9.948444889,      -5.598461763
         759,      -9.766936393,      -9.308426668,      -9.179067663,      -9.949906196,      -5.597143991
         760,      -9.762242583,      -9.299800388,      -9.173692565,       -9.95228489,      -5.605675828
         761,      -9.772042334,       -9.31422883,      -9.183961293,      -9.956158981,      -5.598715398
         762,      -9.775729285,      -9.311658951,      -9.186920919,      -9.957491408,      -5.611147993
         763,      -9.789105786,      -9.326782605,      -9.201469324,      -9.961499413,      -5.607069286
         764,      -9.787004033,      -9.314984634,      -9.197678994,      -9.965871611,      -5.614503261
         765,      -9.789431274,      -9.326499194,      -9.201648976,      -9.966740235,      -5.613587975
         766,      -9.786483662,      -9.317287547,      -9.197265778,      -9.968902194,      -5.622192086
         767,      -9.796209671,      -9.331892267,      -9.207634433,      -9.973500263,       -5.61607206
         768,      -9.788207286,      -9.323184989,      -9.199471456,       -9.97474342,      -5.628140112
         769,      -9.799136252,      -9.338889701,      -9.211588184,       -9.97807358,      -5.622173366
         770,       -9.80845581,      -9.339134752,      -9.220299624,      -9.982094414,      -5.629785039
         771,      -9.812286636,       -9.35009492,      -9.225022276,      -9.983732622,      -5.629097633
         772,      -9.809398791,      -9.337814211,      -9.219866198,      -9.986191496,      -5.637843984
         773,      -9.819006769,      -9.352400117,      -9.230638118,      -9.990515631,       -5.63207791
         774,      -9.807384701,      -9.341674591,      -9.218780152,       -9.99073948,      -5.644406276
         775,      -9.819552814,      -9.357814509,      -9.231996695,      -9.994248089,      -5.639169686
         776,      -9.821647893,      -9.353059814,      -9.233062295,      -9.998348935,      -5.646337496
         777,       -9.82474812,      -9.363920451,      -9.237423661,      -10.00006284,      -5.644425942
         778,      -9.830078981,       -9.36135025,      -9.242690153,      -10.00192257,      -5.653257712
         779,      -9.839475755,      -9.374194393,      -9.252394437,      -10.00624836,      -5.648349762
         780,      -9.827622739,       -9.35805844,      -9.238556647,      -10.00714899,      -5.660410562
         781,      -9.837588003,      -9.373763995,      -9.249926051,      -10.01060133,      -5.655907884
         782,      -9.829400148,      -9.362717706,      -9.240776213,      -10.01394657,      -5.662941832
         783,      -9.833429076,      -9.374622625,      -9.245672289,      -10.01521333,      -5.661199202
         784,      -9.834866431,      -9.369132981,      -9.246470068,      -10.01743733,      -5.669379784
         785,      -9.846725726,      -9.383078829,      -9.258492327,      -10.02206491,      -5.663192135
         786,      -9.846851977,      -9.376586152,      -9.258207647,      -10.02243047,      -5.675365169
         787,      -9.860074539,       -9.39213391,      -9.272218163,      -10.02605041,      -5.671345445
         788,      -9.854995728,      -9.380236265,      -9.265092973,      -10.02993776,      -5.678260891
         789,      -9.856243891,      -9.391580168,      -9.267805859,      -10.03135825,      -5.676973674
         790,      -9.851797494,      -9.382647404,      -9.262742163,      -10.03280033,      -5.685150837
         791,      -9.863247393,      -9.397409389,      -9.274381308,      -10.03704127,        -5.6785037
         792,      -9.862399393,      -9.392610503,      -9.273362321,      -10.03799406,      -5.690237926
         793,      -9.874409558,      -9.407351196,      -9.286425621,      -10.04175575,      -5.686093231
         794,       -9.87260116,      -9.395720866,      -9.283074172,       -10.0450759,      -5.693200889
         795,      -9.876597803,      -9.407516887,      -9.288060551,      -10.04631127,      -5.692116208
         796,       -9.87306589,      -9.397955107,      -9.283259353,      -10.04822655,      -5.700137261
         797,      -9.881278298,      -9.412057101,      -9.291985303,      -10.05261982,      -5.694121349
         798,      -9.873145059,      -9.402714334,      -9.283494784,      -10.05269374,      -5.705898715
         799,      -9.886941733,      -9.419125743,      -9.298054929,      -10.05633361,      -5.700207515
         800,      -9.895458451,      -9.418055291,      -9.306125662,      -10.06018666,      -5.707143303
         801,      -9.898168598,      -9.428497634,      -9.310008959,      -10.06202489,      -5.706236769
         802,      -9.896658445,      -9.418083807,      -9.307150129,      -10.06346779,       -5.71470668
         803,       -9.90676477,      -9.432473011,      -9.317655014,      -10.06763241,      -5.709113921
         804,      -9.895840744,      -9.421293623,      -9.306212264,      -10.06808519,      -5.720761333
         805,      -9.904506122,      -9.436196822,      -9.316107243,      -10.07158308,      -5.715818689
         806,         -9.901688,      -9.429222233,      -9.312602321,      -10.07459296,      -5.722711066
         807,      -9.905929316,      -9.440456808,      -9.317659968,      -10.07607895,      -5.720283999
         808,      -9.916505836,      -9.440748269,      -9.328074713,      -10.07789605,      -5.728552616
         809,      -9.924831703,       -9.45307832,      -9.336856159,      -10.08250247,      -5.723707866
         810,      -9.912113015,      -9.436468633,      -9.322429021,       -10.0823004,      -5.735669773
         811,      -9.924780199,      -9.452775477,      -9.336133964,      -10.08571564,      -5.731268215
         812,      -9.918566372,      -9.442090301,      -9.328867632,      -10.08908074,      -5.737844593
         813,      -9.919631382,      -9.452729293,      -9.331104847,      -10.09055625,      -5.736288947
         814,      -9.918796983,      -9.446220232,      -9.329971568,      -10.09177067,      -5.744289297
         815,      -9.931024456,      -9.460309787,      -9.341921911,      -10.09619723,      -5.737485851
         816,        -9.9366758,      -9.458511346,      -9.347489189,      -10.09678091,      -5.749158296
         817,      -9.946353031,      -9.472324779,      -9.358247488,      -10.10050585,      -5.745399513
         818,      -9.938462522,      -9.458328771,      -9.348374897,      -10.10338276,      -5.752381951
         819,      -9.940428857,      -9.469563287,      -9.351466209,      -10.10456885,      -5.751140455
         820,      -9.937926413,      -9.460541254,      -9.347924133,       -10.1060347,      -5.758922388
         821,      -9.945676383,      -9.473864183,      -9.356119397,      -10.11045475,      -5.752670882
         822,      -9.940764775,      -9.466727891,      -9.351129746,      -10.11012846,      -5.764279382
         823,      -9.954627825,      -9.482117371,       -9.36553729,      -10.11392095,      -5.759439256
         824,      -9.959742859,      -9.476446092,       -9.36990849,      -10.11726257,      -5.766168191
         825,      -9.960252118,      -9.486201992,      -9.371434836,      -10.11884359,      -5.765443711
         826,      -9.955050581,      -9.474609301,      -9.364995165,      -10.11987058,      -5.773470046
         827,       -9.96352101,      -9.488669202,      -9.373613311,      -10.12407593,      -5.767683789
         828,      -9.954744213,      -9.478218913,      -9.364412211,      -10.12428714,       -5.77897809
         829,      -9.964336352,      -9.493027351,      -9.374936116,      -10.12790601,      -5.773878982
         830,      -9.963126086,      -9.487775286,      -9.373681766,      -10.13082917,      -5.780570806
         831,      -9.968424357,      -9.498485023,      -9.379431654,      -10.13238092,      -5.779176636
         832,       -9.97485057,      -9.492479774,      -9.384921812,      -10.13392843,      -5.787135483
         833,       -9.98291244,      -9.505324667,      -9.393163694,      -10.13842366,      -5.781774705
         834,      -9.971883557,      -9.493021581,      -9.381361578,      -10.13783937,        -5.7934313
         835,      -9.982726721,      -9.508847166,        -9.3929813,      -10.14138157,      -5.788713277
         836,      -9.980110675,      -9.500848569,       -9.38952301,      -10.14457805,      -5.795129162
         837,      -9.981724257,      -9.511266827,      -9.392327429,      -10.14616399,      -5.792761489
         838,      -9.990148935,      -9.511488171,      -9.401035542,      -10.14729334,      -5.800828955
         839,      -10.00046192,      -9.523955646,      -9.411209363,      -10.15176132,      -5.795752377
         840,      -9.993199108,      -9.510020862,      -9.402510255,       -10.1519806,      -5.807363606
         841,      -10.00290553,      -9.524670839,       -9.41331572,      -10.15547337,      -5.803060001
         842,      -9.995408619,      -9.513985036,      -9.404982123,       -10.1580433,      -5.809708726
         843,      -9.996753116,      -9.524856155,      -9.407113455,      -10.15932724,      -5.808246942
         844,      -9.996759934,      -9.518022636,      -9.406351717,      -10.16072653,      -5.815978455
         845,      -10.00557826,      -9.531071902,      -9.415292266,      -10.16520964,      -5.809211002
         846,      -10.00819102,      -9.529002416,       -9.41824944,      -10.16503184,      -5.820928909
         847,      -10.02022608,      -9.543246179,      -9.430995363,      -10.16874918,      -5.816828613
         848,      -10.01945305,      -9.532702346,      -9.428339734,      -10.17196441,      -5.823600926
         849,      -10.01928636,      -9.542590194,      -9.429536336,      -10.17346258,       -5.82258175
         850,      -10.01428061,      -9.533573499,      -9.424018877,      -10.17456433,      -5.830469671
         851,        -10.019384,      -9.545994877,      -9.429411079,      -10.17866816,      -5.824379623
         852,      -10.01428301,       -9.53847539,      -9.423716722,       -10.1781493,      -5.835936511
         853,      -10.02693818,      -9.553401685,      -9.436869306,      -10.18198735,      -5.830152141
         854,      -10.03809179,      -9.553915004,      -9.447649165,      -10.18517825,      -5.836987078
         855,      -10.03940187,      -9.563138618,      -9.450145735,      -10.18701769,      -5.836512175
         856,      -10.03432437,      -9.550411451,      -9.443808252,      -10.18824856,      -5.844704847
         857,      -10.04012817,      -9.562916684,      -9.450240619,       -10.1922969,      -5.839123353
         858,      -10.03060538,      -9.552011433,      -9.440007989,      -10.19161514,      -5.850741745
         859,      -10.04085963,      -9.566672931,      -9.450730476,      -10.19521262,      -5.845988304
         860,      -10.04025389,      -9.559915389,      -9.449368185,      -10.19836088,      -5.852526443
         861,      -10.04280032,      -9.569751378,      -9.452862711,      -10.20012182,      -5.850047033
         862,      -10.05667571,       -9.57251926,      -9.467227734,      -10.20117859,       -5.85828876
         863,      -10.06505924,       -9.58436355,      -9.475476166,      -10.20567748,      -5.853354985
         864,      -10.05496446,      -9.569835874,      -9.463730355,      -10.20577459,      -5.865136173
         865,      -10.06292801,      -9.583934702,      -9.472920351,      -10.20930644,      -5.860740113
         866,      -10.05606473,      -9.574047174,      -9.465368476,       -10.2116959,      -5.867487403
         867,      -10.05603548,      -9.583867771,      -9.466158055,      -10.21302653,       -5.86595777
         868,      -10.05669242,      -9.578363377,      -9.466326034,      -10.21432715,      -5.873802946
         869,      -10.06459456,       -9.59020306,      -9.474264893,      -10.21895715,      -5.866868937
         870,      -10.06977009,      -9.589700955,      -9.479723696,      -10.21863001,      -5.878814464
         871,      -10.07966591,      -9.602887205,      -9.490342193,      -10.22231716,      -5.875166374
         872,      -10.07403276,      -9.589608546,      -9.482650633,       -10.2254719,       -5.88205566
         873,      -10.07233835,      -9.598819832,      -9.482441776,       -10.2269398,      -5.880816966
         874,      -10.07024983,      -9.591686389,      -9.479898684,      -10.22809708,      -5.888766629
         875,      -10.07462777,      -9.603223965,      -9.484418878,      -10.23232872,      -5.882846037
         876,      -10.06832811,      -9.595076148,      -9.477624314,      -10.23188198,      -5.894570001
         877,      -10.08165909,      -9.609575009,      -9.491247726,      -10.23574929,      -5.888782267
         878,      -10.09457058,      -9.611142626,      -9.503889332,      -10.23895398,      -5.895716798
         879,      -10.09561966,      -9.619864883,       -9.50593776,      -10.24086395,      -5.895143028
         880,      -10.09199838,      -9.608995333,      -9.501073535,      -10.24217966,       -5.90362362
         881,      -10.09681221,      -9.620867956,      -9.506445892,      -10.24635328,      -5.898057332
         882,      -10.08911078,      -9.611575273,      -9.498022725,      -10.24579365,       -5.91019008
         883,      -10.09870587,      -9.625648272,      -9.508202564,       -10.2495456,      -5.905498498
         884,      -10.09804222,      -9.619772639,      -9.506926514,      -10.25283962,      -5.912485812
         885,      -10.09970374,      -9.628701076,      -9.509676696,      -10.25475734,      -5.910344596
         886,      -10.11090714,      -9.630737356,      -9.521510913,      -10.25592485,      -5.919025416
         887,      -10.11832191,      -9.641723873,      -9.528850269,      -10.26045009,      -5.914316538
         888,      -10.10639038,       -9.62644016,      -9.515410991,      -10.26067749,      -5.926495491
         889,      -10.11347802,       -9.64018599,       -9.52373306,      -10.26431596,      -5.921968982
         890,      -10.10675476,      -9.631430018,      -9.516537873,      -10.26734547,      -5.928890663
         891,      -10.10490428,      -9.640037514,      -9.515466251,       -10.2687407,      -5.927435559
         892,      -10.10500412,      -9.635620108,      -9.515215401,        -10.270407,      -5.935677995
         893,      -10.11335253,       -9.64694413,      -9.523222271,      -10.27478664,      -5.928856956
         894,      -10.12200092,      -9.647483694,      -9.531528778,      -10.27504496,      -5.941177579
         895,      -10.13313943,      -9.660560294,      -9.543533663,      -10.27906116,      -5.937382441
         896,      -10.12764581,      -9.649071662,      -9.536598882,      -10.28239332,      -5.944575957
         897,      -10.12624704,      -9.658252267,      -9.536696094,      -10.28366888,      -5.943353448
         898,      -10.12553907,      -9.652629208,      -9.535530997,      -10.28506618,      -5.951659463
         899,      -10.13047088,      -9.663767632,      -9.540680282,      -10.28942836,      -5.945399301
         900,      -10.12542152,      -9.657509374,      -9.535111186,      -10.28921373,      -5.957619775
         901,       -10.1388656,      -9.671319067,      -9.549019553,      -10.29316057,      -5.952519548
         902,      -10.14579846,      -9.668547477,      -9.555474578,      -10.29657259,      -5.959774986
         903,      -10.14610237,      -9.676762773,      -9.556936071,      -10.29835509,      -5.959161543
         904,      -10.14136298,      -9.666934346,      -9.551264097,      -10.29983564,      -5.967651688
         905,      -10.14570374,      -9.678452905,      -9.556041563,      -10.30405455,      -5.961633658
         906,      -10.13788186,      -9.670305184,      -9.547570626,      -10.30382138,      -5.973843416
         907,      -10.14829908,      -9.684125108,      -9.558570083,      -10.30756899,      -5.968784543
         908,      -10.14827037,      -9.680119247,      -9.558121496,      -10.31113931,      -5.975902661
         909,      -10.15170022,       -9.68857849,      -9.562581691,      -10.31303502,      -5.974161371
         910,      -10.15989193,      -9.687995938,      -9.570861114,      -10.31469516,      -5.982830529
         911,      -10.16539475,      -9.698325205,      -9.576412392,      -10.31911795,      -5.977540264
         912,      -10.15423994,       -9.68602198,      -9.563693521,      -10.31884716,      -5.990080957
         913,      -10.16413773,      -9.700306204,      -9.574300268,      -10.32248091,      -5.985233592
         914,      -10.16263749,      -9.694335498,      -9.571934523,      -10.32594501,      -5.992326806
         915,      -10.16344411,      -9.703038493,      -9.574163896,        -10.327641,      -5.990443392
         916,      -10.16663765,       -9.70251822,      -9.577755648,      -10.32934227,      -5.999042252
         917,       -10.1744931,      -9.712630587,      -9.585649905,      -10.33380839,      -5.993295824
         918,      -10.17144375,      -9.703953656,      -9.581334267,      -10.33379277,      -6.005958222
